transaction_id,account_id,type,amount,currency,timestamp
DAILY-001,ACC-DAILY-A,CREDIT,100.00,USD,2026-09-09T06:00:00Z
DAILY-002,ACC-DAILY-A,DEBIT,25.00,USD,2026-09-09T07:00:00Z
DAILY-003,ACC-DAILY-B,CREDIT,150.00,EUR,2026-09-09T06:30:00Z
DAILY-004,ACC-DAILY-B,DEBIT,50.00,EUR,2026-09-09T08:00:00Z
DAILY-005,ACC-DAILY-C,CREDIT,200.00,GBP,2026-09-09T07:30:00Z
DAILY-006,ACC-DAILY-C,DEBIT,75.00,GBP,2026-09-09T09:00:00Z
DAILY-007,ACC-DAILY-A,CREDIT,120.00,USD,2026-09-09T10:00:00Z
DAILY-008,ACC-DAILY-B,CREDIT,180.00,EUR,2026-09-09T11:00:00Z
DAILY-009,ACC-DAILY-C,DEBIT,100.00,GBP,2026-09-09T12:00:00Z
